<?xml version="1.0" encoding="ISO-8859-1"?>
<manifest>
  <!-- core extension information -->
  <plugin>
    <name value= "Example Plugin"/>
    <handle value= "sample"/>
    <description value= "This plugin is an example."/>
    <version value= "1.0.0"/>
    <requires>
    	<bbversion value="9.0.0"/>
    </requires>
    <vendor>
      <id value="bb"/>
      <name value="Blackboard Developers Network"/>
      <url value="http://www.edugarage.com/" />
      <description value="Description goes here." />
    </vendor>
    <http-actions>
    </http-actions>
    
    <!-- Tools defined by this extension -->
    <application-defs>
      <application handle="exampleapp" type="shared" use-ssl="false" name="Example Application" can-allow-guest="true"
       small-icon="" large-icon="">
        <description>Application installed as part of the sample plugin</description>
        <links>
           <link>
            <type value="system_tool"/>
            <name value="Example Admin Tool"/>
            <url value="admin.jsp" />
            <description value="Demonstrates adding tools to the system administration tool." />
            <icons>
              <listitem value="images/icon.gif"/>
            </icons>
          </link>
        </links>
      </application>
    </application-defs>
    
    

    <!-- code permissions required for proper operation -->
    <permissions>
      <permission type="persist" name="Content" actions="create,modify,delete"/>
      <permission type="attribute" name="user.authinfo" actions="get,set"/>
      <permission type="attribute" name="user.personalinfo" actions="get,set"/>
    </permissions>
  </plugin>

</manifest>