external_association_key,data_source_key,external_node_key,external_user_key
N01std1,Data_Source_Key-DEMO-USER,N01,std1
N02std2,Data_Source_Key-DEMO-USER,N02,std2
N03std3,Data_Source_Key-DEMO-USER,N03,std3
N01-1std4,Data_Source_Key-DEMO-USER,N01-1,std4
N02std5,Data_Source_Key-DEMO-USER,N02,std5
N02-1std6,Data_Source_Key-DEMO-USER,N02-1,std6
N01std7,Data_Source_Key-DEMO-USER,N01,std7
N03-1std8,Data_Source_Key-DEMO-USER,N03-1,std8
N02std9,Data_Source_Key-DEMO-USER,N02,std9
N01std10,Data_Source_Key-DEMO-USER,N01,std10
N01-1inst1,Data_Source_Key-DEMO-USER,N01-1,inst1
N02inst2,Data_Source_Key-DEMO-USER,N02,inst2
N03inst3,Data_Source_Key-DEMO-USER,N03,inst3
N01inst4,Data_Source_Key-DEMO-USER,N01,inst4
N02-1inst5,Data_Source_Key-DEMO-USER,N02-1,inst5
N03inst6,Data_Source_Key-DEMO-USER,N03,inst6
N02inst7,Data_Source_Key-DEMO-USER,N02,inst7
N03inst8,Data_Source_Key-DEMO-USER,N03,inst8
N03-1inst9,Data_Source_Key-DEMO-USER,N03-1,inst9
N02inst10,Data_Source_Key-DEMO-USER,N02,inst10
