<?xml version="1.0" encoding="UTF-8"?>
<beans xmlns="http://www.springframework.org/schema/beans"
       xmlns:xsi="http://www.w3.org/2001/XMLSchema-instance"
       xmlns:context="http://www.springframework.org/schema/context"
       xmlns:aop="http://www.springframework.org/schema/aop"
       xmlns:mvc="http://www.springframework.org/schema/mvc"
       xmlns:p="http://www.springframework.org/schema/p"
       xsi:schemaLocation="http://www.springframework.org/schema/beans
                           http://www.springframework.org/schema/beans/spring-beans-2.5.xsd
                           http://www.springframework.org/schema/context
                           http://www.springframework.org/schema/context/spring-context-2.5.xsd">
  
  <!-- 
  Now Spring gets smart by looking for all classes in the base package that have annotations.
   -->
  <context:component-scan base-package="blackboard.devcon.spring" />
  
  <!-- 
  The view resolver defines how Spring MVC will resolve the view page when a controller returns a String
  or ModelAndView object with a view page defined.
   -->
  <bean id="primaryViewResolver" class="org.springframework.web.servlet.view.InternalResourceViewResolver">
    <property name="viewClass" value="org.springframework.web.servlet.view.JstlView"/>
    <property name="prefix" value="/WEB-INF/jsp/"/>
    <property name="suffix" value=".jsp"/>
    <property name="order" value="2"/>
    <property name="contentType" value="text/html; charset=UTF-8"/>
  </bean>
  
  <!-- Use the Blackboard factory to get the course DB loader. -->
  <bean id="courseLoader" class="blackboard.devcon.spring.util.BbPersistenceFactory">
  	<property name="type" value="blackboard.persist.course.CourseDbLoader"/>
  </bean>
  
  <!-- Register the Blackboard resolver to set API classes into parameters. -->
  <bean id="annotationHandler" class="org.springframework.web.servlet.mvc.annotation.AnnotationMethodHandlerAdapter">
    <property name="customArgumentResolvers">
      <list>
        <ref bean="bbArgumentResolver"/>
      </list>
    </property>
  </bean>
  
</beans>
