<?xml version="1.0" encoding="ISO-8859-1"?>
<manifest>
  <plugin>

    <!-- Core extension info -->
    <name value="!DevCon Spring Demo 2"/>
    <handle value="devcon_spring_2"/>
    <description value="DevCon Spring Demo 2"/>
    <default-locale value="en_US"/>
    <webapp-type value="javaext"/>
    <version value="1.0.1"/>
    <requires>
      <bbversion value="9.1"/>
    </requires>
    <vendor>
      <id value="Bb"/>
      <name value="Blackboard Inc."/>
      <url value="http://www.blackboard.com/"/>
      <description value="Blackboard Learn"/>
    </vendor>
    <http-actions>
      <!-- No need for administrator to configure anything at this point
     <config value="properties"/>-->
    </http-actions>

    <!-- Extension tools definition -->
    
    <application-defs>
      <application handle="devcon_spring_2"
                   is-course-tool="true"
                   use-ssl="false"
                   name="DevCon Spring Demo 2"
                   can-allow-guest="true">
        <description lang="en_US">DevCon Spring Demo 2</description>
        <links>
          <link>
            <type value="course_tool"/>
            <name value="DevCon Spring Demo 2"/>
            <url value="springContent"/>
            <description value="DevCon Spring Demo 2"/>
            <icons>
              <listitem value="images/icon.gif"/>
            </icons>
          </link>
        </links>
      </application>
    </application-defs>
        
    <!-- Minimum permissions to support Spring -->
    <permissions>
      <permission type="java.lang.reflect.ReflectPermission" name="suppressAccessChecks"/>
      <permission type="java.util.PropertyPermission" name="*" actions="read,write"/>
    </permissions>

  </plugin>
</manifest>
