external_association_key,external_course_key,external_node_key,data_source_key,is_primary_association
C-1-N01,C-1,N01,Course_Related-DEMO,Y
C-2-N02,C-2,N02,Course_Related-DEMO,Y
C-3-N03,C-3,N03,Course_Related-DEMO,Y
C-4-N01-1,C-4,N01-1,Course_Related-DEMO,Y
C-5-N02-1,C-5,N02-1,Course_Related-DEMO,Y
C-6-N03-1,C-6,N03-1,Course_Related-DEMO,Y
C-7-N01,C-7,N01,Course_Related-DEMO,Y
C-8-N02,C-8,N02,Course_Related-DEMO,Y
C-9-N03,C-9,N03,Course_Related-DEMO,Y
O-1-N01-1,O-1,N01-1,Course_Related-DEMO,Y
O-2-N02-1,O-2,N02-1,Course_Related-DEMO,Y
C-1-N03-1,C-1,N03-1,Course_Related-DEMO,N
C-2-N02-1,C-2,N02-1,Course_Related-DEMO,N
C-3-N01-1,C-3,N01-1,Course_Related-DEMO,N
C-4-N03,C-4,N03,Course_Related-DEMO,N
C-5-N02,C-5,N02,Course_Related-DEMO,N
C-6-N01-1,C-6,N01-1,Course_Related-DEMO,N
C-7-N02-1,C-7,N02-1,Course_Related-DEMO,N
C-8-N01,C-8,N01,Course_Related-DEMO,N
C-9-N03,C-9,N03,Course_Related-DEMO,N
O-1-N02,O-1,N02,Course_Related-DEMO,N
O-2-N01,O-2,N01,Course_Related-DEMO,N
