<rules>
  <rule key="BbApiInvalidUseOfFindEntryFromEntryID">
    <name>BbApiInvalidUseOfFindEntryFromEntryID</name>
    <configKey>rulesets/ruleset.xml/BbApiInvalidUseOfFindEntryFromEntryID</configKey>
    <category name="Reliability"/>
    <description>
      <![CDATA[
      This will raise a warning:
      <pre>
        fse = FileSystem.findEntryFromEntryID( resourceUrl.getPermanentId(), false, ctx );
      </pre>
      
      This will NOT raise a warning:
      <pre>
        FileSystemEntry fse = XythosFileSystemUtil.findFileSystemEntryByXythosId( resourceId, ctx );
      </pre>
      ]]>
    </description>
  </rule>

  <rule key="BbMissingBreakInSwitch">
    <name>BbMissingBreakInSwitch</name>
    <configKey>rulesets/ruleset.xml/BbMissingBreakInSwitch</configKey>
    <category name="Reliability"/>
    <description>
      <![CDATA[
      This will raise a warning:
      <pre>
        public void invalidSwitch(int x) 
        {
          String str = "";
          switch (x) {
            case 1:
              str = "1";
            case 2:
              str = "2";
              break;
            case 3:
              str = "3";
              break;
          }
        }
      </pre>

      This will NOT raise a warning as this is code intends for the fall through to occur.
      <pre>
        public boolean isEven( int x)
        {
          switch ( x )
            {
              case 2:
              case 4:
              case 6:
              case 8:
                return true;
              default:
                return false;
            }
        }
      </pre>
      ]]>
    </description>
  </rule>

  <rule key="BbEmptyIfStatement">
    <name>BbEmptyIfStatement</name>
    <configKey>rulesets/ruleset.xml/BbEmptyIfStatement</configKey>
    <category name="Reliability"/>
    <description>
      <![CDATA[
      This will raise a warning:
      <pre>
        public class Foo {
          void bar(int x) {
            if (x == 0) {
            }
          }
        }
      </pre>

      This will NOT raise a warning if empty comment blocks are enabled:
      <pre>
        public class Foo {
          void bar(int x) {
            if (x == 0) {
              // this will never happen
            } else {
              x--;
            }
          }
        }
      </pre>
      ]]>
    </description>
  </rule>
  
  <rule key="BbEmptyWhileStatement">
    <name>BbEmptyWhileStatement</name>
    <configKey>rulesets/ruleset.xml/BbEmptyWhileStatement</configKey>
    <category name="Reliability"/>
    <description>
      <![CDATA[
      This will raise a warning:
      <pre>
        public class Foo {
          void bar(int x) {
            while (x == 0) {
            }
          }
        }
      </pre>

      This will NOT raise a warning if empty comment blocks are enabled:
      <pre>
        public class Foo {
          void bar(int x) {
            while (x == 0) {
              // this will never happen
            }
          }
        }
      </pre>
      ]]>
    </description>
  </rule>
  
  <rule key="BbApiNonPublicXythosAPIUsed">
    <name>BbApiNonPublicXythosAPIUsed</name>
    <configKey>rulesets/ruleset.xml/BbApiNonPublicXythosAPIUsed</configKey>
    <category name="Reliability"/>
    <description>
      <![CDATA[
      This will raise a warning:
      <pre>
        import com.xythos.security.api.XythosCorePrincipalManager;
        public class Foo {
          void bar(int x) {
            while (x == 0) {
            }
          }
          
          void bar2 () {
            com.xythos.security.api.XythosCorePrincipalManager mgr = null;
          }
        }
      </pre>

      This will NOT raise a warning if empty comment blocks are enabled:
      <pre>
        public class Foo {
          void bar(int x) {
            com.xythos.common.api.MessageBundleFactory  val = null;
          }
        }
      </pre>
      ]]>
    </description>
  </rule>

  <rule key="BbAvoidCatchingThrowable">
    <name>BbAvoidCatchingThrowable</name>
    <configKey>rulesets/ruleset.xml/BbAvoidCatchingThrowable</configKey>
    <category name="Reliability"/>
    <description>
    <![CDATA[
      When catching a Throwable, take should be taken to ensure that ThreadDeath is
      rethrown if it was caught, otherwise the JVM will not exit properly.
      <br/><br/>

      There is a utility method provided for this purpose; this can be called as
      "ExceptionUtil.checkForThreadDeath( t )"
      <br/><br/>

      Example of an incorrect catch block:
      <pre>
        try
        {
          // do something
        }
        catch( Throwable t )
        {
          // This could potentially swallow ThreadDeath

          // do something else
        }
      </pre>

      <br/><br/>
      Example of a correct catch block:
      <pre>
        try
        {
          // do something
        }
        catch( Throwable t )
        {
          ExceptionUtil.checkForThreadDeath( t );

          // do something else
        }
      </pre>
    ]]>
    </description>
  </rule>

  <!-- Custom Rules: Coding Standards -->
  <rule key="BbVariableNamingConventions">
    <name>BbVariableNamingConventions</name>
    <configKey>rulesets/ruleset.xml/BbVariableNamingConventions</configKey>
    <category name="Maintainability"/>
    <description>
    <![CDATA[
    Variable names should be in accordance with established Bb variable naming conventions
    <br/><br/>
    Correct Static Final Variable Name:
    <pre>
    String UNDERSCORE_DELIMITED_CAPS;
    </pre>
    Correct Member Variable Name:
    <pre>
    String _descriptiveCamelCaseName;
    </pre>
    Correct Local Variable Name:
    <pre>
    String descriptiveCamelCaseName;
    </pre>
    ]]>
    </description>
  </rule>

  <rule key="BbClassNamingConventions">
    <name>BbClassNamingConventions</name>
    <configKey>rulesets/ruleset.xml/BbClassNamingConventions</configKey>
    <category name="Maintainability"/>
    <description>
    <![CDATA[
    Class names should be in accordance with established Bb class naming conventions
    <br/><br/>
    Correct Class Name:
    <pre>
    public DescriptiveTitleCase
    </pre>
    ]]>
    </description>
  </rule>

  <rule key="BbMethodNamingConventions">
    <name>BbMethodNamingConventions</name>
    <configKey>rulesets/ruleset.xml/BbMethodNamingConventions</configKey>
    <category name="Maintainability"/>
    <description>
      <![CDATA[
      Method names should be in accordance with established Bb variable naming conventions
      <br/><br/>
      Correct Local Variable Name:
      <pre>
      public String descriptiveCamelCaseName;
      </pre>
      ]]>
    </description>
  </rule>

  <rule key="BbResourceKeyNamingConventions">
    <name>BbResourceKeyNamingConventions</name>
    <configKey>rulesets/ruleset.xml/BbResourceKeyNamingConventions</configKey>
    <category name="Maintainability"/>
    <description>
      <![CDATA[
      Resource Key names should be in accordance with established Bb resource naming conventions
      <br/><br/>
      Correct Resource Key Name:
      <pre>
      import descriptive.lowercase.dot.separated.names
      </pre>
      ]]>
    </description>
  </rule>

  <rule key="BbPackageNamingConventions">
    <name>BbPackageNamingConventions</name>
    <configKey>rulesets/ruleset.xml/BbPackageNamingConventions</configKey>
    <category name="Maintainability"/>
    <description>
      <![CDATA[
      Package names should be in accordance with established Bb package naming conventions
      <br/><br/>
    Correct Package Name:
    <pre>
    blackboard.descriptive.lowercase.names
    </pre>

    Correct Data Model Package:
    <pre>
    blackboard.data.descriptive.singular.lowercase.name
    </pre>

    Correct Core Service Package:
    <pre>
    blackboard.platform.descriptive.singular.lowercase.name
    </pre>
      ]]>
    </description>
  </rule>

  <rule key="BbLeftSideConstantsIdiomaticConventions">
    <name>BbLeftSideConstantsIdiomaticConventions</name>
    <configKey>rulesets/ruleset.xml/BbLeftSideConstantsIdiomaticConventions</configKey>
    <category name="Maintainability"/>
    <description>
      <![CDATA[
      The left side of equality expressions should be a constant
      <br/><br/>
      <pre>
    Correct Equality Expressions:
        constant == variable;
        constant.equals(variable);
      </pre>
      ]]>
    </description>
  </rule>

  <!-- Custom Rules: Performance antipatterns -->
  <rule key="BbSelectAll">
    <name>BbSelectAll</name>
    <!-- WARNING do not set whitespaces inside this node. Write on one line only. -->
    <!-- WARNING the rule key value and the end of the configkey value MUST match. -->
    <configKey>rulesets/ruleset.xml/BbSelectAll</configKey>
    <!-- available categories : Reliability, Portability, Maintainability, Efficiency, Usability -->
    <category name="Efficiency"/>
    <description>
        <![CDATA[
        SQL should not use wildcard in order to eliminate confusion and querying of unnecessary data.
        <br/><br/>
        Anti-pattern Example:
        <pre>
        String sql = "select * from students where pk = ?";
        </pre>
        <br/>
        Correct Example:
        <pre>
        String sql = "select first_name, last_name from students where pk = ?";
        </pre>
        ]]>
    </description>
  </rule>

  <rule key="BbApiXythosContextIsNotReleased">
    <name>BbApiXythosContextIsNotReleased</name>
    <configKey>rulesets/ruleset.xml/BbApiXythosContextIsNotReleased</configKey>
    <category name="Reliability"/>
    <description>
        <![CDATA[
        Xythos context must be released properly. Please refer to <a href="https://silicon.pd.local/display/eng/Standard+Guide+to+handle+Xythos+context">Standard Guide to handle Xythos+context</a>
        ]]>
    </description>
  </rule>

  <rule key="BbApiInvalidXythosContextRelease">
    <name>BbApiInvalidXythosContextRelease</name>
    <configKey>rulesets/ruleset.xml/BbApiInvalidXythosContextRelease</configKey>
    <category name="Reliability"/>
    <description>
        <![CDATA[
        Xythos context must be released properly. Please refer to <a href="https://silicon.pd.local/display/eng/Standard+Guide+to+handle+Xythos+context">Standard Guide to handle Xythos+context</a>
        ]]>
    </description>
  </rule>

  <rule key="BbAvoidCallingRuntimeExecInAppServer">
    <name>BbAvoidCallingRuntimeExecInAppServer</name>
    <configKey>rulesets/ruleset.xml/BbAvoidCallingRuntimeExecInAppServer</configKey>
    <category name="Efficiency"/>
    <description>
    <![CDATA[
      Running external program via Runtime.exec from app server must be avoided. The fork() call makes a copy of the entire parent process' address space, and exec() turns that copy into a new process. If you run even a "small" program (e.g., a Perl script) from a "big" Java process (i.e. app server), Java forks the "big" process. Therefore, the forked process consumes as much memory as the "big" process. Depending on how much swap and physical memory is available, the forked "small" program will not run due to the lack of allocatable memory.
      <br/><br/>
      Anti-pattern Example:
      <pre>
      Process proc = Runtime.getRuntime().exec(command);
      </pre>
    ]]>
    </description>
  </rule>

  <rule key="BbApiInOperatorUsageCanExceedLimit">
    <name>BbApiInOperatorUsageCanExceedLimit</name>
    <configKey>rulesets/ruleset.xml/BbApiInOperatorUsageCanExceedLimit</configKey>
    <category name="Reliability"/>
    <description>
      <![CDATA[
      In Oracle, ORA-01795 is thrown when more than 1,000 items are specified inside the IN operator. Look into using inner join to eliminate the usage of IN clause or split the query into multiple DB roundtrips.
      <br/><br/>
      Anti-pattern Example 1:
      <pre>
      Criteria crit = query.getCriteria();
      crit.add( crit.in( "qtiAsiDataId", subList.toArray( new Object[ subList.size() ] ) )
      </pre>
      Anti-pattern Example 2:
      <pre>
      CriterionBuilder roleBuilder = crit.createBuilder( ROLE_ALIAS );
      crit.add( roleBuilder.in( CaliperRoleDef.ID, (Object[]) roleIDs ) );
      </pre>
      Anti-pattern Example 3:
      <pre>
      AdvancedListDeintion _listDef
      _listDef.addCriterion(Person.DATA_TYPE,PersonDef.BATCH_UID,Operator.IN,testUser
      </pre>
      ]]>
    </description>
  </rule>

  <rule key="BbInOperatorUsageCanExceedLimit">
    <name>BbInOperatorUsageCanExceedLimit</name>
    <configKey>rulesets/ruleset.xml/BbInOperatorUsageCanExceedLimit</configKey>
    <category name="Reliability"/>
    <description>
      <![CDATA[
      In Oracle, ORA-01795 is thrown when more than 1,000 items are specified inside the IN operator. Look into using inner join to eliminate the usage of IN clause or split the query into multiple DB roundtrips.
      ]]>
    </description>
  </rule>

  <rule key="BbNonSynchronizedDataStructureUsedInConcurrency">
    <name>BbNonSynchronizedDataStructureUsedInConcurrency</name>
    <configKey>rulesets/ruleset.xml/BbNonSynchronizedDataStructureUsedInConcurrency</configKey>
    <category name="Reliability"/>
    <description>
      Non-synchronized data structure must not be used for multi-threaded processing.
    <br/><br/>
      ArrayList, HashMap, HashSet, LinkedHashMap, LinkedHashSet, LinkedList, TreeMap, TreeSet, and WeakHashMap declared as a static variable and not wrapped in Collections.synchronizedXXX.
    </description>
  </rule>

  <!-- Custom Rules: Security -->
  <rule key="BbXythosSecurityManagerIsNotRestored">
    <name>BbXythosSecurityManagerIsNotRestored</name>
    <configKey>rulesets/ruleset.xml/BbXythosSecurityManagerIsNotRestored</configKey>
    <category name="Reliability"/>
    <description>
    <![CDATA[
      The original Xythos security manager should be restored after being overridden. Please refer to <a href="https://silicon.pd.local/display/eng/Standard+Guide+to+handle+Xythos+context">Standard Guide to handle Xythos+context</a>
    ]]>
    </description>
  </rule>
</rules>
