<?xml version="1.0" encoding="UTF-8"?><!-- Generated by Sonar --><profile><name>BlackboardJava</name><language>java</language><rules><rule><repositoryKey>findbugs</repositoryKey><key>DM_GC</key><priority>MAJOR</priority></rule><rule><repositoryKey>findbugs</repositoryKey><key>SIC_INNER_SHOULD_BE_STATIC</key><priority>MAJOR</priority></rule><rule><repositoryKey>findbugs</repositoryKey><key>DM_BOOLEAN_CTOR</key><priority>MAJOR</priority></rule><rule><repositoryKey>findbugs</repositoryKey><key>UM_UNNECESSARY_MATH</key><priority>CRITICAL</priority></rule><rule><repositoryKey>findbugs</repositoryKey><key>URF_UNREAD_FIELD</key><priority>MAJOR</priority></rule><rule><repositoryKey>findbugs</repositoryKey><key>BX_BOXING_IMMEDIATELY_UNBOXED</key><priority>MAJOR</priority></rule><rule><repositoryKey>findbugs</repositoryKey><key>DM_FP_NUMBER_CTOR</key><priority>MAJOR</priority></rule><rule><repositoryKey>findbugs</repositoryKey><key>WMI_WRONG_MAP_ITERATOR</key><priority>CRITICAL</priority></rule><rule><repositoryKey>findbugs</repositoryKey><key>DMI_BLOCKING_METHODS_ON_URL</key><priority>BLOCKER</priority></rule><rule><repositoryKey>findbugs</repositoryKey><key>DM_BOXED_PRIMITIVE_TOSTRING</key><priority>MAJOR</priority></rule><rule><repositoryKey>findbugs</repositoryKey><key>DMI_COLLECTION_OF_URLS</key><priority>BLOCKER</priority></rule><rule><repositoryKey>findbugs</repositoryKey><key>SIC_INNER_SHOULD_BE_STATIC_NEEDS_THIS</key><priority>MAJOR</priority></rule><rule><repositoryKey>findbugs</repositoryKey><key>UUF_UNUSED_FIELD</key><priority>MAJOR</priority></rule><rule><repositoryKey>findbugs</repositoryKey><key>HSC_HUGE_SHARED_STRING_CONSTANT</key><priority>CRITICAL</priority></rule><rule><repositoryKey>findbugs</repositoryKey><key>DM_STRING_VOID_CTOR</key><priority>MAJOR</priority></rule><rule><repositoryKey>findbugs</repositoryKey><key>SIC_INNER_SHOULD_BE_STATIC_ANON</key><priority>MAJOR</priority></rule><rule><repositoryKey>findbugs</repositoryKey><key>DM_NEXTINT_VIA_NEXTDOUBLE</key><priority>MAJOR</priority></rule><rule><repositoryKey>findbugs</repositoryKey><key>DM_STRING_CTOR</key><priority>MAJOR</priority></rule><rule><repositoryKey>findbugs</repositoryKey><key>BX_BOXING_IMMEDIATELY_UNBOXED_TO_PERFORM_COERCION</key><priority>MAJOR</priority></rule><rule><repositoryKey>findbugs</repositoryKey><key>ITA_INEFFICIENT_TO_ARRAY</key><priority>CRITICAL</priority></rule><rule><repositoryKey>findbugs</repositoryKey><key>SS_SHOULD_BE_STATIC</key><priority>MAJOR</priority></rule><rule><repositoryKey>findbugs</repositoryKey><key>DM_NUMBER_CTOR</key><priority>CRITICAL</priority></rule><rule><repositoryKey>findbugs</repositoryKey><key>DM_NEW_FOR_GETCLASS</key><priority>MAJOR</priority></rule><rule><repositoryKey>pmd</repositoryKey><key>AvoidInstantiatingObjectsInLoops</key><priority>MINOR</priority></rule><rule><repositoryKey>pmd</repositoryKey><key>UseArrayListInsteadOfVector</key><priority>MAJOR</priority></rule><rule><repositoryKey>pmd</repositoryKey><key>SimplifyStartsWith</key><priority>MINOR</priority></rule><rule><repositoryKey>pmd</repositoryKey><key>UseStringBufferForStringAppends</key><priority>MINOR</priority></rule><rule><repositoryKey>pmd</repositoryKey><key>UseArraysAsList</key><priority>MAJOR</priority></rule><rule><repositoryKey>pmd</repositoryKey><key>AvoidArrayLoops</key><priority>MAJOR</priority></rule><rule><repositoryKey>pmd</repositoryKey><key>UnnecessaryWrapperObjectCreation</key><priority>MAJOR</priority></rule><rule><repositoryKey>pmd</repositoryKey><key>AddEmptyString</key><priority>MAJOR</priority></rule><rule><repositoryKey>pmd</repositoryKey><key>AvoidDuplicateLiterals</key><priority>MAJOR</priority></rule><rule><repositoryKey>pmd</repositoryKey><key>UnnecessaryCaseChange</key><priority>MINOR</priority></rule><rule><repositoryKey>pmd</repositoryKey><key>UseStringBufferLength</key><priority>MINOR</priority></rule><rule><repositoryKey>pmd</repositoryKey><key>UseIndexOfChar</key><priority>MAJOR</priority></rule><rule><repositoryKey>pmd</repositoryKey><key>InefficientEmptyStringCheck</key><priority>MAJOR</priority></rule><rule><repositoryKey>pmd</repositoryKey><key>InsufficientStringBufferDeclaration</key><priority>MAJOR</priority></rule><rule><repositoryKey>pmd</repositoryKey><key>ReplaceVectorWithList</key><priority>MAJOR</priority></rule><rule><repositoryKey>pmd</repositoryKey><key>ReplaceHashtableWithMap</key><priority>MAJOR</priority></rule><rule><repositoryKey>pmd</repositoryKey><key>FinalFieldCouldBeStatic</key><priority>MINOR</priority></rule><rule><repositoryKey>pmd</repositoryKey><key>AvoidSynchronizedAtMethodLevel</key><priority>MAJOR</priority></rule><rule><repositoryKey>pmd</repositoryKey><key>SimplifyConditional</key><priority>MAJOR</priority></rule><rule><repositoryKey>pmd</repositoryKey><key>UnnecessaryLocalBeforeReturn</key><priority>MAJOR</priority></rule><rule><repositoryKey>pmd</repositoryKey><key>BbXythosSecurityManagerIsNotRestored</key><priority>BLOCKER</priority></rule><rule><repositoryKey>checkstyle</repositoryKey><key>com.puppycrawl.tools.checkstyle.checks.TodoCommentCheck_1311822927</key><priority>INFO</priority><parameters><parameter><key>format</key><value>@deprecated</value></parameter></parameters></rule><rule><repositoryKey>checkstyle</repositoryKey><key>com.puppycrawl.tools.checkstyle.checks.TodoCommentCheck_1311822792</key><priority>INFO</priority><parameters><parameter><key>format</key><value>FIXME</value></parameter></parameters></rule><rule><repositoryKey>checkstyle</repositoryKey><key>com.puppycrawl.tools.checkstyle.checks.TodoCommentCheck_1311823213</key><priority>INFO</priority><parameters><parameter><key>format</key><value>NOPMD</value></parameter></parameters></rule><rule><repositoryKey>checkstyle</repositoryKey><key>com.puppycrawl.tools.checkstyle.checks.TodoCommentCheck_1311822831</key><priority>INFO</priority><parameters><parameter><key>format</key><value>TODO</value></parameter></parameters></rule><rule><repositoryKey>pmd</repositoryKey><key>BbClassNamingConventions</key><priority>INFO</priority></rule><rule><repositoryKey>pmd</repositoryKey><key>BbLeftSideConstantsIdiomaticConventions</key><priority>INFO</priority></rule><rule><repositoryKey>pmd</repositoryKey><key>BbMethodNamingConventions</key><priority>INFO</priority></rule><rule><repositoryKey>pmd</repositoryKey><key>BbPackageNamingConventions</key><priority>INFO</priority></rule><rule><repositoryKey>pmd</repositoryKey><key>BbResourceKeyNamingConventions</key><priority>INFO</priority></rule><rule><repositoryKey>pmd</repositoryKey><key>BbVariableNamingConventions</key><priority>INFO</priority></rule><rule><repositoryKey>findbugs</repositoryKey><key>ODR_OPEN_DATABASE_RESOURCE</key><priority>CRITICAL</priority></rule><rule><repositoryKey>findbugs</repositoryKey><key>ODR_OPEN_DATABASE_RESOURCE_EXCEPTION_PATH</key><priority>CRITICAL</priority></rule><rule><repositoryKey>findbugs</repositoryKey><key>OS_OPEN_STREAM</key><priority>CRITICAL</priority></rule><rule><repositoryKey>findbugs</repositoryKey><key>OS_OPEN_STREAM_EXCEPTION_PATH</key><priority>CRITICAL</priority></rule><rule><repositoryKey>findbugs</repositoryKey><key>DMI_RANDOM_USED_ONLY_ONCE</key><priority>CRITICAL</priority></rule><rule><repositoryKey>findbugs</repositoryKey><key>DM_EXIT</key><priority>MAJOR</priority></rule><rule><repositoryKey>findbugs</repositoryKey><key>FI_EXPLICIT_INVOCATION</key><priority>MAJOR</priority></rule><rule><repositoryKey>findbugs</repositoryKey><key>FI_MISSING_SUPER_CALL</key><priority>MAJOR</priority></rule><rule><repositoryKey>findbugs</repositoryKey><key>FI_FINALIZER_ONLY_NULLS_FIELDS</key><priority>MAJOR</priority></rule><rule><repositoryKey>findbugs</repositoryKey><key>IL_INFINITE_LOOP</key><priority>CRITICAL</priority></rule><rule><repositoryKey>findbugs</repositoryKey><key>IL_INFINITE_RECURSIVE_LOOP</key><priority>CRITICAL</priority></rule><rule><repositoryKey>findbugs</repositoryKey><key>IL_CONTAINER_ADDED_TO_ITSELF</key><priority>CRITICAL</priority></rule><rule><repositoryKey>findbugs</repositoryKey><key>STCAL_INVOKE_ON_STATIC_CALENDAR_INSTANCE</key><priority>CRITICAL</priority></rule><rule><repositoryKey>findbugs</repositoryKey><key>STCAL_INVOKE_ON_STATIC_DATE_FORMAT_INSTANCE</key><priority>CRITICAL</priority></rule><rule><repositoryKey>findbugs</repositoryKey><key>RS_READOBJECT_SYNC</key><priority>CRITICAL</priority></rule><rule><repositoryKey>findbugs</repositoryKey><key>WS_WRITEOBJECT_SYNC</key><priority>CRITICAL</priority></rule><rule><repositoryKey>findbugs</repositoryKey><key>WA_AWAIT_NOT_IN_LOOP</key><priority>CRITICAL</priority></rule><rule><repositoryKey>findbugs</repositoryKey><key>SC_START_IN_CTOR</key><priority>CRITICAL</priority></rule><rule><repositoryKey>findbugs</repositoryKey><key>IS_FIELD_NOT_GUARDED</key><priority>CRITICAL</priority></rule><rule><repositoryKey>findbugs</repositoryKey><key>LI_LAZY_INIT_UPDATE_STATIC</key><priority>CRITICAL</priority></rule><rule><repositoryKey>findbugs</repositoryKey><key>SWL_SLEEP_WITH_LOCK_HELD</key><priority>CRITICAL</priority></rule><rule><repositoryKey>findbugs</repositoryKey><key>UL_UNRELEASED_LOCK_EXCEPTION_PATH</key><priority>CRITICAL</priority></rule><rule><repositoryKey>findbugs</repositoryKey><key>UL_UNRELEASED_LOCK</key><priority>CRITICAL</priority></rule><rule><repositoryKey>findbugs</repositoryKey><key>MWN_MISMATCHED_NOTIFY</key><priority>CRITICAL</priority></rule><rule><repositoryKey>findbugs</repositoryKey><key>MWN_MISMATCHED_WAIT</key><priority>CRITICAL</priority></rule><rule><repositoryKey>findbugs</repositoryKey><key>NN_NAKED_NOTIFY</key><priority>CRITICAL</priority></rule><rule><repositoryKey>findbugs</repositoryKey><key>STCAL_STATIC_CALENDAR_INSTANCE</key><priority>CRITICAL</priority></rule><rule><repositoryKey>findbugs</repositoryKey><key>STCAL_STATIC_SIMPLE_DATE_FORMAT_INSTANCE</key><priority>CRITICAL</priority></rule><rule><repositoryKey>findbugs</repositoryKey><key>WL_USING_GETCLASS_RATHER_THAN_CLASS_LITERAL</key><priority>CRITICAL</priority></rule><rule><repositoryKey>findbugs</repositoryKey><key>DL_SYNCHRONIZATION_ON_BOOLEAN</key><priority>CRITICAL</priority></rule><rule><repositoryKey>findbugs</repositoryKey><key>DL_SYNCHRONIZATION_ON_BOXED_PRIMITIVE</key><priority>CRITICAL</priority></rule><rule><repositoryKey>findbugs</repositoryKey><key>DL_SYNCHRONIZATION_ON_UNSHARED_BOXED_PRIMITIVE</key><priority>CRITICAL</priority></rule><rule><repositoryKey>findbugs</repositoryKey><key>DL_SYNCHRONIZATION_ON_SHARED_CONSTANT</key><priority>CRITICAL</priority></rule><rule><repositoryKey>findbugs</repositoryKey><key>JLM_JSR166_LOCK_MONITORENTER</key><priority>CRITICAL</priority></rule><rule><repositoryKey>findbugs</repositoryKey><key>NO_NOTIFY_NOT_NOTIFYALL</key><priority>CRITICAL</priority></rule><rule><repositoryKey>findbugs</repositoryKey><key>WA_NOT_IN_LOOP</key><priority>CRITICAL</priority></rule><rule><repositoryKey>findbugs</repositoryKey><key>DM_USELESS_THREAD</key><priority>MAJOR</priority></rule><rule><repositoryKey>findbugs</repositoryKey><key>VO_VOLATILE_REFERENCE_TO_ARRAY</key><priority>MAJOR</priority></rule><rule><repositoryKey>findbugs</repositoryKey><key>SP_SPIN_ON_FIELD</key><priority>MAJOR</priority></rule><rule><repositoryKey>findbugs</repositoryKey><key>ML_SYNC_ON_UPDATED_FIELD</key><priority>MAJOR</priority></rule><rule><repositoryKey>findbugs</repositoryKey><key>DM_MONITOR_WAIT_ON_CONDITION</key><priority>MAJOR</priority></rule><rule><repositoryKey>findbugs</repositoryKey><key>MSF_MUTABLE_SERVLET_FIELD</key><priority>MAJOR</priority></rule><rule><repositoryKey>findbugs</repositoryKey><key>DC_DOUBLECHECK</key><priority>MAJOR</priority></rule><rule><repositoryKey>findbugs</repositoryKey><key>ML_SYNC_ON_FIELD_TO_GUARD_CHANGING_THAT_FIELD</key><priority>MAJOR</priority></rule><rule><repositoryKey>findbugs</repositoryKey><key>NP_SYNC_AND_NULL_CHECK_FIELD</key><priority>MAJOR</priority></rule><rule><repositoryKey>findbugs</repositoryKey><key>UW_UNCOND_WAIT</key><priority>MAJOR</priority></rule><rule><repositoryKey>findbugs</repositoryKey><key>UG_SYNC_SET_UNSYNC_GET</key><priority>MAJOR</priority></rule><rule><repositoryKey>findbugs</repositoryKey><key>TLW_TWO_LOCK_WAIT</key><priority>MAJOR</priority></rule><rule><repositoryKey>findbugs</repositoryKey><key>IS_INCONSISTENT_SYNC</key><priority>MAJOR</priority></rule><rule><repositoryKey>pmd</repositoryKey><key>DoNotCallGarbageCollectionExplicitly</key><priority>CRITICAL</priority></rule><rule><repositoryKey>pmd</repositoryKey><key>InefficientStringBuffering</key><priority>MAJOR</priority></rule><rule><repositoryKey>findbugs</repositoryKey><key>IO_APPENDING_TO_OBJECT_OUTPUT_STREAM</key><priority>CRITICAL</priority></rule><rule><repositoryKey>findbugs</repositoryKey><key>RV_RETURN_VALUE_IGNORED_BAD_PRACTICE</key><priority>MAJOR</priority></rule><rule><repositoryKey>findbugs</repositoryKey><key>BAC_BAD_APPLET_CONSTRUCTOR</key><priority>INFO</priority></rule><rule><repositoryKey>findbugs</repositoryKey><key>SQL_BAD_RESULTSET_ACCESS</key><priority>CRITICAL</priority></rule><rule><repositoryKey>findbugs</repositoryKey><key>RE_POSSIBLE_UNINTENDED_PATTERN</key><priority>CRITICAL</priority></rule><rule><repositoryKey>findbugs</repositoryKey><key>RE_CANT_USE_FILE_SEPARATOR_AS_REGULAR_EXPRESSION</key><priority>CRITICAL</priority></rule><rule><repositoryKey>findbugs</repositoryKey><key>RE_BAD_SYNTAX_FOR_REGULAR_EXPRESSION</key><priority>CRITICAL</priority></rule><rule><repositoryKey>findbugs</repositoryKey><key>RV_RETURN_VALUE_IGNORED2</key><priority>MAJOR</priority></rule><rule><repositoryKey>findbugs</repositoryKey><key>BOA_BADLY_OVERRIDDEN_ADAPTER</key><priority>CRITICAL</priority></rule><rule><repositoryKey>findbugs</repositoryKey><key>NP_BOOLEAN_RETURN_NULL</key><priority>MAJOR</priority></rule><rule><repositoryKey>findbugs</repositoryKey><key>QBA_QUESTIONABLE_BOOLEAN_ASSIGNMENT</key><priority>CRITICAL</priority></rule><rule><repositoryKey>findbugs</repositoryKey><key>DMI_UNSUPPORTED_METHOD</key><priority>MAJOR</priority></rule><rule><repositoryKey>findbugs</repositoryKey><key>JCIP_FIELD_ISNT_FINAL_IN_IMMUTABLE_CLASS</key><priority>MINOR</priority></rule><rule><repositoryKey>findbugs</repositoryKey><key>TQ_MAYBE_SOURCE_VALUE_REACHES_ALWAYS_SINK</key><priority>CRITICAL</priority></rule><rule><repositoryKey>findbugs</repositoryKey><key>TQ_MAYBE_SOURCE_VALUE_REACHES_NEVER_SINK</key><priority>CRITICAL</priority></rule><rule><repositoryKey>findbugs</repositoryKey><key>TQ_NEVER_VALUE_USED_WHERE_ALWAYS_REQUIRED</key><priority>CRITICAL</priority></rule><rule><repositoryKey>findbugs</repositoryKey><key>TQ_ALWAYS_VALUE_USED_WHERE_NEVER_REQUIRED</key><priority>CRITICAL</priority></rule><rule><repositoryKey>findbugs</repositoryKey><key>CN_IMPLEMENTS_CLONE_BUT_NOT_CLONEABLE</key><priority>MAJOR</priority></rule><rule><repositoryKey>findbugs</repositoryKey><key>SE_COMPARATOR_SHOULD_BE_SERIALIZABLE</key><priority>MAJOR</priority></rule><rule><repositoryKey>findbugs</repositoryKey><key>EQ_SELF_USE_OBJECT</key><priority>MAJOR</priority></rule><rule><repositoryKey>findbugs</repositoryKey><key>UMAC_UNCALLABLE_METHOD_OF_ANONYMOUS_CLASS</key><priority>CRITICAL</priority></rule><rule><repositoryKey>findbugs</repositoryKey><key>XSS_REQUEST_PARAMETER_TO_JSP_WRITER</key><priority>CRITICAL</priority></rule><rule><repositoryKey>findbugs</repositoryKey><key>XSS_REQUEST_PARAMETER_TO_SERVLET_WRITER</key><priority>CRITICAL</priority></rule><rule><repositoryKey>findbugs</repositoryKey><key>XSS_REQUEST_PARAMETER_TO_SEND_ERROR</key><priority>CRITICAL</priority></rule><rule><repositoryKey>findbugs</repositoryKey><key>DP_DO_INSIDE_DO_PRIVILEGED</key><priority>MAJOR</priority></rule><rule><repositoryKey>findbugs</repositoryKey><key>IMSE_DONT_CATCH_IMSE</key><priority>MAJOR</priority></rule><rule><repositoryKey>findbugs</repositoryKey><key>EQ_DONT_DEFINE_EQUALS_FOR_ENUM</key><priority>MAJOR</priority></rule><rule><repositoryKey>findbugs</repositoryKey><key>RV_EXCEPTION_NOT_THROWN</key><priority>CRITICAL</priority></rule><rule><repositoryKey>findbugs</repositoryKey><key>DB_DUPLICATE_BRANCHES</key><priority>CRITICAL</priority></rule><rule><repositoryKey>findbugs</repositoryKey><key>AM_CREATES_EMPTY_ZIP_FILE_ENTRY</key><priority>MAJOR</priority></rule><rule><repositoryKey>findbugs</repositoryKey><key>AM_CREATES_EMPTY_JAR_FILE_ENTRY</key><priority>MAJOR</priority></rule><rule><repositoryKey>findbugs</repositoryKey><key>ES_COMPARING_PARAMETER_STRING_WITH_EQ</key><priority>MAJOR</priority></rule><rule><repositoryKey>findbugs</repositoryKey><key>ES_COMPARING_STRINGS_WITH_EQ</key><priority>MAJOR</priority></rule><rule><repositoryKey>findbugs</repositoryKey><key>NM_LCASE_TOSTRING</key><priority>MAJOR</priority></rule><rule><repositoryKey>findbugs</repositoryKey><key>EQ_GETCLASS_AND_CLASS_CONSTANT</key><priority>CRITICAL</priority></rule><rule><repositoryKey>findbugs</repositoryKey><key>FI_FINALIZER_NULLS_FIELDS</key><priority>MAJOR</priority></rule><rule><repositoryKey>findbugs</repositoryKey><key>FI_USELESS</key><priority>MINOR</priority></rule><rule><repositoryKey>findbugs</repositoryKey><key>FI_NULLIFY_SUPER</key><priority>CRITICAL</priority></rule><rule><repositoryKey>findbugs</repositoryKey><key>BC_IMPOSSIBLE_CAST</key><priority>BLOCKER</priority></rule><rule><repositoryKey>findbugs</repositoryKey><key>BC_IMPOSSIBLE_DOWNCAST</key><priority>BLOCKER</priority></rule><rule><repositoryKey>findbugs</repositoryKey><key>QF_QUESTIONABLE_FOR_LOOP</key><priority>CRITICAL</priority></rule><rule><repositoryKey>findbugs</repositoryKey><key>DLS_DEAD_LOCAL_STORE</key><priority>MINOR</priority></rule><rule><repositoryKey>findbugs</repositoryKey><key>DLS_DEAD_LOCAL_STORE_OF_NULL</key><priority>CRITICAL</priority></rule><rule><repositoryKey>findbugs</repositoryKey><key>SA_LOCAL_DOUBLE_ASSIGNMENT</key><priority>CRITICAL</priority></rule><rule><repositoryKey>findbugs</repositoryKey><key>ESync_EMPTY_SYNC</key><priority>MAJOR</priority></rule><rule><repositoryKey>findbugs</repositoryKey><key>SA_FIELD_SELF_ASSIGNMENT</key><priority>CRITICAL</priority></rule><rule><repositoryKey>findbugs</repositoryKey><key>FE_FLOATING_POINT_EQUALITY</key><priority>CRITICAL</priority></rule><rule><repositoryKey>findbugs</repositoryKey><key>IS2_INCONSISTENT_SYNC</key><priority>CRITICAL</priority></rule><rule><repositoryKey>findbugs</repositoryKey><key>DLS_DEAD_LOCAL_STORE_IN_RETURN</key><priority>CRITICAL</priority></rule><rule><repositoryKey>findbugs</repositoryKey><key>SA_LOCAL_SELF_ASSIGNMENT</key><priority>CRITICAL</priority></rule><rule><repositoryKey>findbugs</repositoryKey><key>MF_CLASS_MASKS_FIELD</key><priority>MAJOR</priority></rule><rule><repositoryKey>findbugs</repositoryKey><key>PS_PUBLIC_SEMAPHORES</key><priority>CRITICAL</priority></rule><rule><repositoryKey>findbugs</repositoryKey><key>SE_BAD_FIELD</key><priority>MAJOR</priority></rule><rule><repositoryKey>findbugs</repositoryKey><key>NS_DANGEROUS_NON_SHORT_CIRCUIT</key><priority>CRITICAL</priority></rule><rule><repositoryKey>findbugs</repositoryKey><key>NS_NON_SHORT_CIRCUIT</key><priority>MAJOR</priority></rule><rule><repositoryKey>findbugs</repositoryKey><key>NP_ALWAYS_NULL</key><priority>CRITICAL</priority></rule><rule><repositoryKey>findbugs</repositoryKey><key>NP_GUARANTEED_DEREF</key><priority>BLOCKER</priority></rule><rule><repositoryKey>findbugs</repositoryKey><key>RCN_REDUNDANT_NULLCHECK_WOULD_HAVE_BEEN_A_NPE</key><priority>CRITICAL</priority></rule><rule><repositoryKey>findbugs</repositoryKey><key>NP_NULL_ON_SOME_PATH</key><priority>CRITICAL</priority></rule><rule><repositoryKey>findbugs</repositoryKey><key>NP_NULL_ON_SOME_PATH_EXCEPTION</key><priority>CRITICAL</priority></rule><rule><repositoryKey>findbugs</repositoryKey><key>RR_NOT_CHECKED</key><priority>MAJOR</priority></rule><rule><repositoryKey>findbugs</repositoryKey><key>SR_NOT_CHECKED</key><priority>MAJOR</priority></rule><rule><repositoryKey>findbugs</repositoryKey><key>OBL_UNSATISFIED_OBLIGATION</key><priority>INFO</priority></rule><rule><repositoryKey>findbugs</repositoryKey><key>RC_REF_COMPARISON_BAD_PRACTICE_BOOLEAN</key><priority>MAJOR</priority></rule><rule><repositoryKey>findbugs</repositoryKey><key>RC_REF_COMPARISON_BAD_PRACTICE</key><priority>MAJOR</priority></rule><rule><repositoryKey>findbugs</repositoryKey><key>RC_REF_COMPARISON</key><priority>CRITICAL</priority></rule><rule><repositoryKey>findbugs</repositoryKey><key>SA_LOCAL_SELF_COMPARISON</key><priority>CRITICAL</priority></rule><rule><repositoryKey>findbugs</repositoryKey><key>SA_FIELD_SELF_COMPARISON</key><priority>CRITICAL</priority></rule><rule><repositoryKey>findbugs</repositoryKey><key>SA_FIELD_SELF_COMPUTATION</key><priority>CRITICAL</priority></rule><rule><repositoryKey>findbugs</repositoryKey><key>SA_LOCAL_SELF_COMPUTATION</key><priority>CRITICAL</priority></rule><rule><repositoryKey>findbugs</repositoryKey><key>SBSC_USE_STRINGBUFFER_CONCATENATION</key><priority>CRITICAL</priority></rule><rule><repositoryKey>findbugs</repositoryKey><key>UPM_UNCALLED_PRIVATE_METHOD</key><priority>CRITICAL</priority></rule><rule><repositoryKey>findbugs</repositoryKey><key>UR_UNINIT_READ</key><priority>MAJOR</priority></rule><rule><repositoryKey>findbugs</repositoryKey><key>EC_UNRELATED_TYPES</key><priority>CRITICAL</priority></rule><rule><repositoryKey>findbugs</repositoryKey><key>LI_LAZY_INIT_STATIC</key><priority>CRITICAL</priority></rule><rule><repositoryKey>findbugs</repositoryKey><key>FI_EMPTY</key><priority>MAJOR</priority></rule><rule><repositoryKey>findbugs</repositoryKey><key>UCF_USELESS_CONTROL_FLOW_NEXT_LINE</key><priority>CRITICAL</priority></rule><rule><repositoryKey>findbugs</repositoryKey><key>UCF_USELESS_CONTROL_FLOW</key><priority>CRITICAL</priority></rule><rule><repositoryKey>findbugs</repositoryKey><key>VA_FORMAT_STRING_BAD_CONVERSION_FROM_ARRAY</key><priority>MAJOR</priority></rule><rule><repositoryKey>findbugs</repositoryKey><key>ICAST_INT_CAST_TO_DOUBLE_PASSED_TO_CEIL</key><priority>CRITICAL</priority></rule><rule><repositoryKey>findbugs</repositoryKey><key>ICAST_IDIV_CAST_TO_DOUBLE</key><priority>CRITICAL</priority></rule><rule><repositoryKey>findbugs</repositoryKey><key>BIT_AND</key><priority>CRITICAL</priority></rule><rule><repositoryKey>findbugs</repositoryKey><key>BIT_IOR</key><priority>CRITICAL</priority></rule><rule><repositoryKey>findbugs</repositoryKey><key>TQ_EXPLICIT_UNKNOWN_SOURCE_VALUE_REACHES_ALWAYS_SINK</key><priority>CRITICAL</priority></rule><rule><repositoryKey>findbugs</repositoryKey><key>TQ_EXPLICIT_UNKNOWN_SOURCE_VALUE_REACHES_NEVER_SINK</key><priority>CRITICAL</priority></rule><rule><repositoryKey>findbugs</repositoryKey><key>UI_INHERITANCE_UNSAFE_GETRESOURCE</key><priority>MAJOR</priority></rule><rule><repositoryKey>findbugs</repositoryKey><key>IC_INIT_CIRCULARITY</key><priority>CRITICAL</priority></rule><rule><repositoryKey>findbugs</repositoryKey><key>ISC_INSTANTIATE_STATIC_CLASS</key><priority>MAJOR</priority></rule><rule><repositoryKey>findbugs</repositoryKey><key>SI_INSTANCE_BEFORE_FINALS_ASSIGNED</key><priority>CRITICAL</priority></rule><rule><repositoryKey>findbugs</repositoryKey><key>IJU_TEARDOWN_NO_SUPER</key><priority>CRITICAL</priority></rule><rule><repositoryKey>findbugs</repositoryKey><key>IJU_SETUP_NO_SUPER</key><priority>CRITICAL</priority></rule><rule><repositoryKey>findbugs</repositoryKey><key>NP_LOAD_OF_KNOWN_NULL_VALUE</key><priority>CRITICAL</priority></rule><rule><repositoryKey>findbugs</repositoryKey><key>RCN_REDUNDANT_NULLCHECK_OF_NONNULL_VALUE</key><priority>MINOR</priority></rule><rule><repositoryKey>findbugs</repositoryKey><key>RCN_REDUNDANT_NULLCHECK_OF_NULL_VALUE</key><priority>CRITICAL</priority></rule><rule><repositoryKey>findbugs</repositoryKey><key>RV_RETURN_VALUE_IGNORED</key><priority>MINOR</priority></rule><rule><repositoryKey>findbugs</repositoryKey><key>DMI_ANNOTATION_IS_NOT_VISIBLE_TO_REFLECTION</key><priority>MAJOR</priority></rule><rule><repositoryKey>findbugs</repositoryKey><key>EQ_OVERRIDING_EQUALS_NOT_SYMMETRIC</key><priority>MAJOR</priority></rule><rule><repositoryKey>findbugs</repositoryKey><key>PZLA_PREFER_ZERO_LENGTH_ARRAYS</key><priority>MAJOR</priority></rule><rule><repositoryKey>findbugs</repositoryKey><key>RpC_REPEATED_CONDITIONAL_TEST</key><priority>MAJOR</priority></rule><rule><repositoryKey>findbugs</repositoryKey><key>SIO_SUPERFLUOUS_INSTANCEOF</key><priority>CRITICAL</priority></rule><rule><repositoryKey>findbugs</repositoryKey><key>EQ_COMPARETO_USE_OBJECT_EQUALS</key><priority>CRITICAL</priority></rule><rule><repositoryKey>findbugs</repositoryKey><key>HE_EQUALS_USE_HASHCODE</key><priority>CRITICAL</priority></rule><rule><repositoryKey>findbugs</repositoryKey><key>HE_EQUALS_NO_HASHCODE</key><priority>MAJOR</priority></rule><rule><repositoryKey>findbugs</repositoryKey><key>HE_HASHCODE_USE_OBJECT_EQUALS</key><priority>CRITICAL</priority></rule><rule><repositoryKey>findbugs</repositoryKey><key>HE_HASHCODE_NO_EQUALS</key><priority>CRITICAL</priority></rule><rule><repositoryKey>findbugs</repositoryKey><key>HE_INHERITS_EQUALS_USE_HASHCODE</key><priority>CRITICAL</priority></rule><rule><repositoryKey>findbugs</repositoryKey><key>USM_USELESS_SUBCLASS_METHOD</key><priority>MINOR</priority></rule><rule><repositoryKey>findbugs</repositoryKey><key>XFB_XML_FACTORY_BYPASS</key><priority>CRITICAL</priority></rule><rule><repositoryKey>pmd</repositoryKey><key>DontNestJsfInJstlIteration</key><priority>MAJOR</priority></rule><rule><repositoryKey>pmd</repositoryKey><key>EmptyCatchBlock</key><priority>CRITICAL</priority><parameters><parameter><key>allowCommentedBlocks</key><value>true</value></parameter></parameters></rule><rule><repositoryKey>pmd</repositoryKey><key>EmptyTryBlock</key><priority>MAJOR</priority></rule><rule><repositoryKey>pmd</repositoryKey><key>EmptyFinallyBlock</key><priority>CRITICAL</priority></rule><rule><repositoryKey>pmd</repositoryKey><key>EmptySwitchStatements</key><priority>MAJOR</priority></rule><rule><repositoryKey>pmd</repositoryKey><key>JumbledIncrementer</key><priority>MAJOR</priority></rule><rule><repositoryKey>pmd</repositoryKey><key>ForLoopShouldBeWhileLoop</key><priority>MINOR</priority></rule><rule><repositoryKey>pmd</repositoryKey><key>UnnecessaryConversionTemporary</key><priority>MAJOR</priority></rule><rule><repositoryKey>pmd</repositoryKey><key>OverrideBothEqualsAndHashcode</key><priority>CRITICAL</priority></rule><rule><repositoryKey>pmd</repositoryKey><key>DoubleCheckedLocking</key><priority>MAJOR</priority></rule><rule><repositoryKey>pmd</repositoryKey><key>ReturnFromFinallyBlock</key><priority>MAJOR</priority></rule><rule><repositoryKey>pmd</repositoryKey><key>EmptySynchronizedBlock</key><priority>CRITICAL</priority></rule><rule><repositoryKey>pmd</repositoryKey><key>UnnecessaryReturn</key><priority>MINOR</priority></rule><rule><repositoryKey>pmd</repositoryKey><key>EmptyStaticInitializer</key><priority>MAJOR</priority></rule><rule><repositoryKey>pmd</repositoryKey><key>UnconditionalIfStatement</key><priority>CRITICAL</priority></rule><rule><repositoryKey>pmd</repositoryKey><key>EmptyStatementNotInLoop</key><priority>MAJOR</priority></rule><rule><repositoryKey>pmd</repositoryKey><key>BooleanInstantiation</key><priority>MAJOR</priority></rule><rule><repositoryKey>pmd</repositoryKey><key>UnnecessaryFinalModifier</key><priority>INFO</priority></rule><rule><repositoryKey>pmd</repositoryKey><key>CollapsibleIfStatements</key><priority>MINOR</priority></rule><rule><repositoryKey>pmd</repositoryKey><key>UselessOverridingMethod</key><priority>MAJOR</priority></rule><rule><repositoryKey>pmd</repositoryKey><key>ClassCastExceptionWithToArray</key><priority>MAJOR</priority></rule><rule><repositoryKey>pmd</repositoryKey><key>AvoidDecimalLiteralsInBigDecimalConstructor</key><priority>MAJOR</priority></rule><rule><repositoryKey>pmd</repositoryKey><key>UselessOperationOnImmutable</key><priority>CRITICAL</priority></rule><rule><repositoryKey>pmd</repositoryKey><key>MisplacedNullCheck</key><priority>CRITICAL</priority></rule><rule><repositoryKey>pmd</repositoryKey><key>UnusedNullCheckInEquals</key><priority>MAJOR</priority></rule><rule><repositoryKey>pmd</repositoryKey><key>AvoidThreadGroup</key><priority>CRITICAL</priority></rule><rule><repositoryKey>pmd</repositoryKey><key>BrokenNullCheck</key><priority>CRITICAL</priority></rule><rule><repositoryKey>pmd</repositoryKey><key>BigIntegerInstantiation</key><priority>MAJOR</priority></rule><rule><repositoryKey>pmd</repositoryKey><key>AvoidUsingOctalValues</key><priority>MAJOR</priority></rule><rule><repositoryKey>pmd</repositoryKey><key>AvoidUsingHardCodedIP</key><priority>MAJOR</priority></rule><rule><repositoryKey>pmd</repositoryKey><key>CheckResultSet</key><priority>MAJOR</priority></rule><rule><repositoryKey>pmd</repositoryKey><key>AvoidMultipleUnaryOperators</key><priority>MAJOR</priority></rule><rule><repositoryKey>pmd</repositoryKey><key>EmptyInitializer</key><priority>MAJOR</priority></rule><rule><repositoryKey>pmd</repositoryKey><key>IfStmtsMustUseBraces</key><priority>MINOR</priority></rule><rule><repositoryKey>pmd</repositoryKey><key>WhileLoopsMustUseBraces</key><priority>MAJOR</priority></rule><rule><repositoryKey>pmd</repositoryKey><key>IfElseStmtsMustUseBraces</key><priority>MINOR</priority></rule><rule><repositoryKey>pmd</repositoryKey><key>ForLoopsMustUseBraces</key><priority>MAJOR</priority></rule><rule><repositoryKey>pmd</repositoryKey><key>ProperCloneImplementation</key><priority>CRITICAL</priority></rule><rule><repositoryKey>pmd</repositoryKey><key>CloneThrowsCloneNotSupportedException</key><priority>MAJOR</priority></rule><rule><repositoryKey>pmd</repositoryKey><key>CloneMethodMustImplementCloneable</key><priority>MAJOR</priority></rule><rule><repositoryKey>pmd</repositoryKey><key>NPathComplexity</key><priority>MAJOR</priority></rule><rule><repositoryKey>pmd</repositoryKey><key>ExcessiveMethodLength</key><priority>MAJOR</priority></rule><rule><repositoryKey>pmd</repositoryKey><key>ExcessiveParameterList</key><priority>MAJOR</priority></rule><rule><repositoryKey>pmd</repositoryKey><key>ExcessiveClassLength</key><priority>MAJOR</priority></rule><rule><repositoryKey>pmd</repositoryKey><key>CyclomaticComplexity</key><priority>MAJOR</priority></rule><rule><repositoryKey>pmd</repositoryKey><key>ExcessivePublicCount</key><priority>MAJOR</priority></rule><rule><repositoryKey>pmd</repositoryKey><key>TooManyFields</key><priority>MAJOR</priority></rule><rule><repositoryKey>pmd</repositoryKey><key>NcssMethodCount</key><priority>MAJOR</priority></rule><rule><repositoryKey>pmd</repositoryKey><key>NcssTypeCount</key><priority>MAJOR</priority></rule><rule><repositoryKey>pmd</repositoryKey><key>NcssConstructorCount</key><priority>MAJOR</priority></rule><rule><repositoryKey>pmd</repositoryKey><key>TooManyMethods</key><priority>MAJOR</priority></rule><rule><repositoryKey>pmd</repositoryKey><key>UnnecessaryConstructor</key><priority>MAJOR</priority></rule><rule><repositoryKey>pmd</repositoryKey><key>OnlyOneReturn</key><priority>MINOR</priority></rule><rule><repositoryKey>pmd</repositoryKey><key>AssignmentInOperand</key><priority>MAJOR</priority></rule><rule><repositoryKey>pmd</repositoryKey><key>AtLeastOneConstructor</key><priority>MINOR</priority></rule><rule><repositoryKey>pmd</repositoryKey><key>DontImportSun</key><priority>MINOR</priority></rule><rule><repositoryKey>pmd</repositoryKey><key>SuspiciousOctalEscape</key><priority>MAJOR</priority></rule><rule><repositoryKey>pmd</repositoryKey><key>CallSuperInConstructor</key><priority>MINOR</priority></rule><rule><repositoryKey>pmd</repositoryKey><key>UnnecessaryParentheses</key><priority>MINOR</priority></rule><rule><repositoryKey>pmd</repositoryKey><key>DefaultPackage</key><priority>MINOR</priority></rule><rule><repositoryKey>pmd</repositoryKey><key>BooleanInversion</key><priority>MAJOR</priority></rule><rule><repositoryKey>pmd</repositoryKey><key>AvoidFinalLocalVariable</key><priority>MAJOR</priority></rule><rule><repositoryKey>pmd</repositoryKey><key>AvoidUsingVolatile</key><priority>MAJOR</priority></rule><rule><repositoryKey>pmd</repositoryKey><key>AvoidAccessibilityAlteration</key><priority>MAJOR</priority></rule><rule><repositoryKey>pmd</repositoryKey><key>CouplingBetweenObjects</key><priority>MAJOR</priority></rule><rule><repositoryKey>pmd</repositoryKey><key>ExcessiveImports</key><priority>MAJOR</priority></rule><rule><repositoryKey>pmd</repositoryKey><key>LooseCoupling</key><priority>MAJOR</priority></rule><rule><repositoryKey>pmd</repositoryKey><key>UseSingleton</key><priority>MAJOR</priority></rule><rule><repositoryKey>pmd</repositoryKey><key>SimplifyBooleanReturns</key><priority>MINOR</priority></rule><rule><repositoryKey>pmd</repositoryKey><key>SimplifyBooleanExpressions</key><priority>MAJOR</priority></rule><rule><repositoryKey>pmd</repositoryKey><key>SwitchStmtsShouldHaveDefault</key><priority>MAJOR</priority></rule><rule><repositoryKey>pmd</repositoryKey><key>AvoidDeeplyNestedIfStmts</key><priority>MAJOR</priority></rule><rule><repositoryKey>pmd</repositoryKey><key>SwitchDensity</key><priority>MAJOR</priority></rule><rule><repositoryKey>pmd</repositoryKey><key>ConstructorCallsOverridableMethod</key><priority>MAJOR</priority></rule><rule><repositoryKey>pmd</repositoryKey><key>AccessorClassGeneration</key><priority>MAJOR</priority></rule><rule><repositoryKey>pmd</repositoryKey><key>CloseResource</key><priority>MAJOR</priority></rule><rule><repositoryKey>pmd</repositoryKey><key>NonStaticInitializer</key><priority>MAJOR</priority></rule><rule><repositoryKey>pmd</repositoryKey><key>DefaultLabelNotLastInSwitchStmt</key><priority>MAJOR</priority></rule><rule><repositoryKey>pmd</repositoryKey><key>NonCaseLabelInSwitchStatement</key><priority>MAJOR</priority></rule><rule><repositoryKey>pmd</repositoryKey><key>OptimizableToArrayCall</key><priority>MAJOR</priority></rule><rule><repositoryKey>pmd</repositoryKey><key>BadComparison</key><priority>MAJOR</priority></rule><rule><repositoryKey>pmd</repositoryKey><key>EqualsNull</key><priority>CRITICAL</priority></rule><rule><repositoryKey>pmd</repositoryKey><key>ConfusingTernary</key><priority>MAJOR</priority></rule><rule><repositoryKey>pmd</repositoryKey><key>InstantiationToGetClass</key><priority>MAJOR</priority></rule><rule><repositoryKey>pmd</repositoryKey><key>IdempotentOperations</key><priority>MAJOR</priority></rule><rule><repositoryKey>pmd</repositoryKey><key>SimpleDateFormatNeedsLocale</key><priority>MAJOR</priority></rule><rule><repositoryKey>pmd</repositoryKey><key>ImmutableField</key><priority>MAJOR</priority></rule><rule><repositoryKey>pmd</repositoryKey><key>UseLocaleWithCaseConversions</key><priority>MAJOR</priority></rule><rule><repositoryKey>pmd</repositoryKey><key>AvoidProtectedFieldInFinalClass</key><priority>MAJOR</priority></rule><rule><repositoryKey>pmd</repositoryKey><key>AssignmentToNonFinalStatic</key><priority>MAJOR</priority></rule><rule><repositoryKey>pmd</repositoryKey><key>MissingStaticMethodInNonInstantiatableClass</key><priority>MAJOR</priority></rule><rule><repositoryKey>pmd</repositoryKey><key>UseNotifyAllInsteadOfNotify</key><priority>MAJOR</priority></rule><rule><repositoryKey>pmd</repositoryKey><key>AvoidInstanceofChecksInCatchClause</key><priority>MINOR</priority></rule><rule><repositoryKey>pmd</repositoryKey><key>AbstractClassWithoutAbstractMethod</key><priority>MAJOR</priority></rule><rule><repositoryKey>pmd</repositoryKey><key>CompareObjectsWithEquals</key><priority>MAJOR</priority></rule><rule><repositoryKey>pmd</repositoryKey><key>PositionLiteralsFirstInComparisons</key><priority>MAJOR</priority></rule><rule><repositoryKey>pmd</repositoryKey><key>NonThreadSafeSingleton</key><priority>MAJOR</priority></rule><rule><repositoryKey>pmd</repositoryKey><key>UncommentedEmptyMethod</key><priority>MAJOR</priority></rule><rule><repositoryKey>pmd</repositoryKey><key>AvoidConstantsInterface</key><priority>INFO</priority></rule><rule><repositoryKey>pmd</repositoryKey><key>UnsynchronizedStaticDateFormatter</key><priority>MAJOR</priority></rule><rule><repositoryKey>pmd</repositoryKey><key>PreserveStackTrace</key><priority>MAJOR</priority></rule><rule><repositoryKey>pmd</repositoryKey><key>UseCollectionIsEmpty</key><priority>MINOR</priority></rule><rule><repositoryKey>pmd</repositoryKey><key>ClassWithOnlyPrivateConstructorsShouldBeFinal</key><priority>MAJOR</priority></rule><rule><repositoryKey>pmd</repositoryKey><key>SingularField</key><priority>MINOR</priority></rule><rule><repositoryKey>pmd</repositoryKey><key>AbstractClassWithoutAnyMethod</key><priority>MAJOR</priority></rule><rule><repositoryKey>pmd</repositoryKey><key>EmptyFinalizer</key><priority>MAJOR</priority></rule><rule><repositoryKey>pmd</repositoryKey><key>FinalizeOnlyCallsSuperFinalize</key><priority>MAJOR</priority></rule><rule><repositoryKey>pmd</repositoryKey><key>FinalizeOverloaded</key><priority>MAJOR</priority></rule><rule><repositoryKey>pmd</repositoryKey><key>FinalizeDoesNotCallSuperFinalize</key><priority>MAJOR</priority></rule><rule><repositoryKey>pmd</repositoryKey><key>FinalizeShouldBeProtected</key><priority>MAJOR</priority></rule><rule><repositoryKey>pmd</repositoryKey><key>AvoidCallingFinalize</key><priority>MAJOR</priority></rule><rule><repositoryKey>pmd</repositoryKey><key>DontImportJavaLang</key><priority>MINOR</priority></rule><rule><repositoryKey>pmd</repositoryKey><key>ImportFromSamePackage</key><priority>MINOR</priority></rule><rule><repositoryKey>pmd</repositoryKey><key>TooManyStaticImports</key><priority>MAJOR</priority></rule><rule><repositoryKey>pmd</repositoryKey><key>UseProperClassLoader</key><priority>CRITICAL</priority></rule><rule><repositoryKey>pmd</repositoryKey><key>MDBAndSessionBeanNamingConvention</key><priority>MAJOR</priority></rule><rule><repositoryKey>pmd</repositoryKey><key>RemoteSessionInterfaceNamingConvention</key><priority>MAJOR</priority></rule><rule><repositoryKey>pmd</repositoryKey><key>LocalInterfaceSessionNamingConvention</key><priority>MAJOR</priority></rule><rule><repositoryKey>pmd</repositoryKey><key>LocalHomeNamingConvention</key><priority>MAJOR</priority></rule><rule><repositoryKey>pmd</repositoryKey><key>RemoteInterfaceNamingConvention</key><priority>MAJOR</priority></rule><rule><repositoryKey>pmd</repositoryKey><key>DoNotCallSystemExit</key><priority>MAJOR</priority></rule><rule><repositoryKey>pmd</repositoryKey><key>StaticEJBFieldShouldBeFinal</key><priority>MAJOR</priority></rule><rule><repositoryKey>pmd</repositoryKey><key>DoNotUseThreads</key><priority>MAJOR</priority></rule><rule><repositoryKey>pmd</repositoryKey><key>BeanMembersShouldSerialize</key><priority>INFO</priority></rule><rule><repositoryKey>pmd</repositoryKey><key>MissingSerialVersionUID</key><priority>MAJOR</priority></rule><rule><repositoryKey>pmd</repositoryKey><key>UseCorrectExceptionLogging</key><priority>MAJOR</priority></rule><rule><repositoryKey>pmd</repositoryKey><key>ProperLogger</key><priority>MAJOR</priority></rule><rule><repositoryKey>pmd</repositoryKey><key>LoggerIsNotStaticFinal</key><priority>MAJOR</priority></rule><rule><repositoryKey>pmd</repositoryKey><key>SystemPrintln</key><priority>MINOR</priority></rule><rule><repositoryKey>pmd</repositoryKey><key>AvoidPrintStackTrace</key><priority>MAJOR</priority></rule><rule><repositoryKey>pmd</repositoryKey><key>ReplaceEnumerationWithIterator</key><priority>MAJOR</priority></rule><rule><repositoryKey>pmd</repositoryKey><key>AvoidEnumAsIdentifier</key><priority>MAJOR</priority></rule><rule><repositoryKey>pmd</repositoryKey><key>AvoidAssertAsIdentifier</key><priority>MAJOR</priority></rule><rule><repositoryKey>pmd</repositoryKey><key>IntegerInstantiation</key><priority>MAJOR</priority></rule><rule><repositoryKey>pmd</repositoryKey><key>ByteInstantiation</key><priority>MAJOR</priority></rule><rule><repositoryKey>pmd</repositoryKey><key>ShortInstantiation</key><priority>MAJOR</priority></rule><rule><repositoryKey>pmd</repositoryKey><key>LongInstantiation</key><priority>MAJOR</priority></rule><rule><repositoryKey>pmd</repositoryKey><key>ShortMethodName</key><priority>MAJOR</priority></rule><rule><repositoryKey>pmd</repositoryKey><key>MethodNamingConventions</key><priority>MAJOR</priority></rule><rule><repositoryKey>pmd</repositoryKey><key>AbstractNaming</key><priority>MAJOR</priority></rule><rule><repositoryKey>pmd</repositoryKey><key>AvoidDollarSigns</key><priority>MINOR</priority></rule><rule><repositoryKey>pmd</repositoryKey><key>MethodWithSameNameAsEnclosingClass</key><priority>MAJOR</priority></rule><rule><repositoryKey>pmd</repositoryKey><key>SuspiciousHashcodeMethodName</key><priority>MAJOR</priority></rule><rule><repositoryKey>pmd</repositoryKey><key>SuspiciousEqualsMethodName</key><priority>CRITICAL</priority></rule><rule><repositoryKey>pmd</repositoryKey><key>AvoidFieldNameMatchingTypeName</key><priority>MAJOR</priority></rule><rule><repositoryKey>pmd</repositoryKey><key>AvoidFieldNameMatchingMethodName</key><priority>MAJOR</priority></rule><rule><repositoryKey>pmd</repositoryKey><key>NoPackage</key><priority>MAJOR</priority></rule><rule><repositoryKey>pmd</repositoryKey><key>PackageCase</key><priority>MAJOR</priority></rule><rule><repositoryKey>pmd</repositoryKey><key>MisleadingVariableName</key><priority>MAJOR</priority></rule><rule><repositoryKey>pmd</repositoryKey><key>BooleanGetMethodName</key><priority>MINOR</priority></rule><rule><repositoryKey>pmd</repositoryKey><key>SignatureDeclareThrowsException</key><priority>MAJOR</priority></rule><rule><repositoryKey>pmd</repositoryKey><key>ExceptionAsFlowControl</key><priority>MAJOR</priority></rule><rule><repositoryKey>pmd</repositoryKey><key>AvoidCatchingNPE</key><priority>MAJOR</priority></rule><rule><repositoryKey>pmd</repositoryKey><key>AvoidThrowingNullPointerException</key><priority>MAJOR</priority></rule><rule><repositoryKey>pmd</repositoryKey><key>AvoidRethrowingException</key><priority>MAJOR</priority></rule><rule><repositoryKey>pmd</repositoryKey><key>DoNotExtendJavaLangError</key><priority>MAJOR</priority></rule><rule><repositoryKey>pmd</repositoryKey><key>DoNotThrowExceptionInFinally</key><priority>MAJOR</priority></rule><rule><repositoryKey>pmd</repositoryKey><key>AvoidThrowingNewInstanceOfSameException</key><priority>MAJOR</priority></rule><rule><repositoryKey>pmd</repositoryKey><key>StringInstantiation</key><priority>MAJOR</priority></rule><rule><repositoryKey>pmd</repositoryKey><key>StringToString</key><priority>MAJOR</priority></rule><rule><repositoryKey>pmd</repositoryKey><key>AppendCharacterWithChar</key><priority>MINOR</priority></rule><rule><repositoryKey>pmd</repositoryKey><key>ConsecutiveLiteralAppends</key><priority>MINOR</priority></rule><rule><repositoryKey>pmd</repositoryKey><key>UselessStringValueOf</key><priority>MINOR</priority></rule><rule><repositoryKey>pmd</repositoryKey><key>StringBufferInstantiationWithChar</key><priority>MAJOR</priority></rule><rule><repositoryKey>pmd</repositoryKey><key>UseEqualsToCompareStrings</key><priority>MAJOR</priority></rule><rule><repositoryKey>pmd</repositoryKey><key>AvoidStringBufferField</key><priority>MAJOR</priority></rule><rule><repositoryKey>findbugs</repositoryKey><key>HRS_REQUEST_PARAMETER_TO_HTTP_HEADER</key><priority>MAJOR</priority></rule><rule><repositoryKey>findbugs</repositoryKey><key>HRS_REQUEST_PARAMETER_TO_COOKIE</key><priority>MAJOR</priority></rule><rule><repositoryKey>pmd</repositoryKey><key>BbInOperatorUsageCanExceedLimit</key><priority>MAJOR</priority></rule><rule><repositoryKey>pmd</repositoryKey><key>BbAvoidCatchingThrowable</key><priority>CRITICAL</priority></rule><rule><repositoryKey>pmd</repositoryKey><key>BbEmptyIfStatement</key><priority>CRITICAL</priority></rule><rule><repositoryKey>pmd</repositoryKey><key>BbEmptyWhileStatement</key><priority>CRITICAL</priority></rule><rule><repositoryKey>pmd</repositoryKey><key>BbApiInOperatorUsageCanExceedLimit</key><priority>MAJOR</priority></rule><rule><repositoryKey>pmd</repositoryKey><key>BbApiInvalidXythosContextRelease</key><priority>CRITICAL</priority></rule><rule><repositoryKey>pmd</repositoryKey><key>BbApiNonPublicXythosAPIUsed</key><priority>CRITICAL</priority></rule><rule><repositoryKey>pmd</repositoryKey><key>BbApiXythosContextIsNotReleased</key><priority>BLOCKER</priority></rule><rule><repositoryKey>pmd</repositoryKey><key>BbAvoidCallingRuntimeExecInAppServer</key><priority>BLOCKER</priority></rule><rule><repositoryKey>pmd</repositoryKey><key>BbNonSynchronizedDataStructureUsedInConcurrency</key><priority>MAJOR</priority></rule><rule><repositoryKey>pmd</repositoryKey><key>BbSelectAll</key><priority>MAJOR</priority></rule><rule><repositoryKey>pmd</repositoryKey><key>BbMissingBreakInSwitch</key><priority>CRITICAL</priority></rule><rule><repositoryKey>pmd</repositoryKey><key>BbApiInvalidUseOfFindEntryFromEntryID</key><priority>CRITICAL</priority></rule></rules><alerts><alert><metric>blocker_violations</metric><operator>!=</operator><warning>0</warning><error>0</error></alert><alert><metric>critical_violations</metric><operator>&gt;</operator><warning>1</warning><error>10</error></alert><alert><metric>test_success_density</metric><operator>!=</operator><warning>100</warning><error>100</error></alert></alerts></profile>